,%dark,%relaxedcalm,%goodvibes,%melancholia
Openness,0.3111111111111111,0.14666666666666667,0.5185185185185185,0.0
Conscientiousness,0.26666666666666666,0.7666666666666666,0.6142857142857143,0.30952380952380953
Extraversion,,,,
Agreeableness,0.2,0.08333333333333333,0.6000000000000001,0.125
Neuroticism,0.0,0.0,0.3333333333333333,0.6666666666666666
