,%dark,%relaxedcalm,%goodvibes,%melancholia
Female,0.3814814814814815,0.33888888888888885,0.5071428571428571,0.14484126984126985
Male,0.05,0.1,0.5722222222222222,0.2222222222222222
