,%dark,%relaxedcalm,%goodvibes,%melancholia
Openness,0.2125,0.3333333333333333,0.4666666666666666,0.3952380952380952
Conscientiousness,0.0,0.3333333333333333,0.5,0.5
Extraversion,0.1111111111111111,0.0,0.4444444444444444,0.5
Agreeableness,,,,
Neuroticism,,,,
