,%dark,%relaxedcalm,%goodvibes,%melancholia
Female,0.1922222222222222,0.35,0.45555555555555555,0.49523809523809526
Male,0.0,0.125,0.5,0.25
